Workbook

Sheet Report
A1: Imprint Doc Gen XLSX level 62 | B1: Imprint Doc Gen — Café & Tea <2026>
A2: Zoë 山田 & Sons | B2: 0
A3: preserve these spaces | B3: FALSE
A4: =1+1 | B4: 12.5
A5: Zoë 山田 & Sons
A6: Zoë 山田 & Sons
A7: Zoë 山田 & Sons
A8: Zoë 山田 & Sons
A9: Zoë 山田 & Sons
A10: Zoë 山田 & Sons
A11: Zoë 山田 & Sons
A12: Zoë 山田 & Sons
A13: Zoë 山田 & Sons
A14: Zoë 山田 & Sons
A15: Imprint Doc Gen — Café & Tea <2026>
A16: Imprint Doc Gen — Café & Tea <2026>
... A24: Imprint Doc Gen — Café & Tea <2026>
A25: 1 | B25: 2 | C25: =A25*$B25+'Lookup Data'!$B$1 -> 9 | D25: =$A25+'Lookup Data'!B$1 -> 8
A26: 2 | B26: 2 | C26: =A26*$B26+'Lookup Data'!$B$1 -> 11 | D26: =$A26+'Lookup Data'!B$1 -> 9
A27: 3 | B27: 2 | C27: =A27*$B27+'Lookup Data'!$B$1 -> 13 | D27: =$A27+'Lookup Data'!B$1 -> 10
A28: 4 | B28: 2 | C28: =A28*$B28+'Lookup Data'!$B$1 -> 15 | D28: =$A28+'Lookup Data'!B$1 -> 11
A29: 5 | B29: 2 | C29: =A29*$B29+'Lookup Data'!$B$1 -> 17 | D29: =$A29+'Lookup Data'!B$1 -> 12
A30: 6 | B30: 2 | C30: =A30*$B30+'Lookup Data'!$B$1 -> 19 | D30: =$A30+'Lookup Data'!B$1 -> 13
A31: 7 | B31: 2 | C31: =A31*$B31+'Lookup Data'!$B$1 -> 21 | D31: =$A31+'Lookup Data'!B$1 -> 14
A32: 8 | B32: 2 | C32: =A32*$B32+'Lookup Data'!$B$1 -> 23 | D32: =$A32+'Lookup Data'!B$1 -> 15
A33: 9 | B33: 2 | C33: =A33*$B33+'Lookup Data'!$B$1 -> 25 | D33: =$A33+'Lookup Data'!B$1 -> 16
A34: 10 | B34: 2 | C34: =A34*$B34+'Lookup Data'!$B$1 -> 27 | D34: =$A34+'Lookup Data'!B$1 -> 17
A39: Name | B39: Quantity | C39: Price | D39: Total
A40: Item 1 — Ω | B40: 1 | C40: 12.5 | D40: =B40*C40 -> 12.5
A41: Item 2 — Ω | B41: 2 | C41: 12.5 | D41: =B41*C41 -> 25
A42: Item 3 — Ω | B42: 3 | C42: 12.5 | D42: =B42*C42 -> 37.5
A43: Item 4 — Ω | B43: 4 | C43: 12.5 | D43: =B43*C43 -> 50
A44: Item 5 — Ω | B44: 5 | C44: 12.5 | D44: =B44*C44 -> 62.5
A45: Item 6 — Ω | B45: 6 | C45: 12.5 | D45: =B45*C45 -> 75
A46: Item 7 — Ω | B46: 7 | C46: 12.5 | D46: =B46*C46 -> 87.5
A47: Item 8 — Ω | B47: 8 | C47: 12.5 | D47: =B47*C47 -> 100
A48: Item 9 — Ω | B48: 9 | C48: 12.5 | D48: =B48*C48 -> 112.5
A49: Item 10 — Ω | B49: 10 | C49: 12.5 | D49: =B49*C49 -> 125
A50: Item 11 — Ω | B50: 11 | C50: 12.5 | D50: =B50*C50 -> 137.5
A51: Item 12 — Ω | B51: 12 | C51: 12.5 | D51: =B51*C51 -> 150

Sheet Lookup Data
A1: Lookup Data | B1: 7
A2: Zoë 山田 & Sons | B2: Imprint Doc Gen — Café & Tea <2026>

Sheet Region 1 山田
A1: Region 1 山田 | B1: 7
A2: Zoë 山田 & Sons | B2: Imprint Doc Gen — Café & Tea <2026>

Sheet Region 2 山田
A1: Region 2 山田 | B1: 7
A2: Zoë 山田 & Sons | B2: Imprint Doc Gen — Café & Tea <2026>
