Workbook

Sheet Report
A1: Imprint Doc Gen XLSX level 59 | B1: {{title}}
A2: {{customer}} | B2: {{count}}
A3: {{spaced}} | B3: {{enabled}}
A4: {{literal}} | B4: 12.5
A5: {{customer}}
A6: {{customer}}
A7: {{customer}}
A8: {{customer}}
A9: {{customer}}
A10: {{customer}}
A11: {{customer}}
A12: {{customer}}
A13: {{customer}}
A14: {{customer}}
A15: {{title}}
A16: {{title}}
... A24: {{title}}
A25: 1 | B25: 2 | C25: =A25*$B25+'Lookup Data'!$B$1 -> 9 | D25: =$A25+'Lookup Data'!B$1 -> 8
A26: 2 | B26: 2 | C26: =A26*$B26+'Lookup Data'!$B$1 -> 11 | D26: =$A26+'Lookup Data'!B$1 -> 9
A27: 3 | B27: 2 | C27: =A27*$B27+'Lookup Data'!$B$1 -> 13 | D27: =$A27+'Lookup Data'!B$1 -> 10
A28: 4 | B28: 2 | C28: =A28*$B28+'Lookup Data'!$B$1 -> 15 | D28: =$A28+'Lookup Data'!B$1 -> 11
A29: 5 | B29: 2 | C29: =A29*$B29+'Lookup Data'!$B$1 -> 17 | D29: =$A29+'Lookup Data'!B$1 -> 12
A30: 6 | B30: 2 | C30: =A30*$B30+'Lookup Data'!$B$1 -> 19 | D30: =$A30+'Lookup Data'!B$1 -> 13
A31: 7 | B31: 2 | C31: =A31*$B31+'Lookup Data'!$B$1 -> 21 | D31: =$A31+'Lookup Data'!B$1 -> 14
A32: 8 | B32: 2 | C32: =A32*$B32+'Lookup Data'!$B$1 -> 23 | D32: =$A32+'Lookup Data'!B$1 -> 15
A33: 9 | B33: 2 | C33: =A33*$B33+'Lookup Data'!$B$1 -> 25 | D33: =$A33+'Lookup Data'!B$1 -> 16
A34: 10 | B34: 2 | C34: =A34*$B34+'Lookup Data'!$B$1 -> 27 | D34: =$A34+'Lookup Data'!B$1 -> 17
A39: Name | B39: Quantity | C39: Price | D39: Total
A40: {{#each items}}{{name}} | B40: {{quantity}} | C40: {{price}} | D40: =B40*C40 -> 0 | E40: {{/each}}

Sheet Lookup Data
A1: Lookup Data | B1: 7
A2: {{customer}} | B2: {{title}}
